gene_names,BRCA
POLDIP2,POLDIP2
AK2,AK2
SLC4A1,SLC4A10;SLC4A11;SLC4A1AP;SLC4A1
SLC25A5,SLC25A5
ACSM3,ACSM3
AP2B1,AP2B1
ELAC2,ELAC2
DNAJC11,DNAJC11
MGST1,MGST1
UQCRC1,UQCRC1
LYPLA2,LYPLA2P1;LYPLA2
ABHD5,ABHD5
SLC25A39,SLC25A39
SLC38A5,SLC38A5
PHLDB1,PHLDB1
VIM,VIM
ANK1,ANK1
SARS1,
RNF19A,
DSG2,DSG2
TPR,TPRA1;TPRG1L;TPRG1;TPRKB;TPRN;TPRX1
WWC3,WWC3
LETMD1,LETMD1
HERPUD1,HERPUD1
MSMO1,
ARID4B,ARID4B
EIF2AK2,EIF2AK2
KMT2C,
SLC2A3,SLC2A3
MPC1,
HDAC7,HDAC7
VMP1,
BTBD1,BTBD10;BTBD11;BTBD12;BTBD17;BTBD18;BTBD19
OAT,
KARS1,
ELAVL1,ELAVL1
CD84,CD84
ATP11A,ATP11A
GBA2,
CDC42,CDC42BPA;CDC42BPB;CDC42EP1;CDC42EP2;CDC42EP3;CDC42EP4;CDC42EP5;CDC42SE1;CDC42SE2;CDC42
WDR1,WDR11;WDR12;WDR13;WDR17;WDR18;WDR19;WDR1
ASIC4,
HSD17B10,HSD17B10
FCGR2B,FCGR2B
NFATC3,NFATC3
ACADVL,ACADVL
SDHA,SDHAF1;SDHAF2;SDHAP1;SDHAP2
ST6GAL1,ST6GAL1
ATP2A3,ATP2A3
ENO1,
ADD2,ADD2
SLC25A3,SLC25A30;SLC25A32;SLC25A33;SLC25A34;SLC25A35;SLC25A36;SLC25A37;SLC25A38;SLC25A39;SLC25A3
FRYL,FRYL
ACTB,ACTBL2;ACTB
MLH1,MLH1
TNS1,TNS1
FDFT1,FDFT1
MEF2C,MEF2C
OXCT1,OXCT1
RPS5,RPS5
GSTP1,GSTP1
EIF3I,EIF3I
PPP1R15A,PPP1R15A
ADD1,ADD1
GNAS,GNASAS;GNAS
TPX2,TPX2
COQ9,
FKBP1A,
RPL6,RPL6
LYZ,LYZL1;LYZL2;LYZ
AARS1,
PHGDH,PHGDH
CDC45,CDC45
PTGS1,
SRPK1,SRPK1
HSP90AB1,HSP90AB1
SCD,SCD5;SCD
MAGEB2,
CRKL,
BCL2L13,BCL2L13
GCAT,GCAT
SNU13,
XBP1,XBP1
MIEF1,
ST13,ST13
ACO2,
BRD1,BRD1
SRSF5,
ARHGAP5,ARHGAP5
PROCR,PROCR
PABPC1L,PABPC1L2A;PABPC1L2B;PABPC1L
CTSZ,CTSZ
TUBB1,TUBB1
TRIB3,TRIB3
IDH3B,
MYL12A,
TBL1X,TBL1XR1
GABRE,GABRE
MAGED2,MAGED2
COTL1,COTL1
SLC7A5,SLC7A5P1;SLC7A5
STUB1,STUB1
DNAJA3,DNAJA3
KAT8,
FAH,FAHD1;FAHD2A;FAH
CEP152,CEP152
BMF,BMF
SCG3,SCG3
INTS9,
CALB1,CALB1
SLC39A14,SLC39A14
GSR,GSR
ASAH1,ASAH1
OAZ1,OAZ1
TIMM50,TIMM50
FBL,FBLN1;FBLN2;FBLN5;FBLN7
SLC1A5,
BABAM1,
WDR83OS,
KLF1,KLF10;KLF11;KLF12;KLF13;KLF14;KLF15;KLF16;KLF17;KLF1
TMEM147,TMEM147
RASA4,RASA4
OGDH,OGDH
CAV2,CAV2
CHCHD2,CHCHD2
CHCHD3,CHCHD3
CORO2A,CORO2A
PPIF,PPIF
RPL19,RPL19P12
PFN1,PFN1
C1QBP,C1QBP
LGALS3BP,LGALS3BP
ALOX12,ALOX12B;ALOX12P2;ALOX12
HDAC5,HDAC5
LUC7L3,
EFTUD2,EFTUD2
YWHAE,
KLF3,KLF3
HSPA8,HSPA8
VWA5A,VWA5A
CBL,CBLB;CBLC;CBLN1;CBLN2;CBLN4;CBL
CARS1,
SLC35F2,SLC35F2
CD69,CD69
CAPRIN2,CAPRIN2
SLC11A2,
ATP5F1B,
SLC38A1,SLC38A10;SLC38A11;SLC38A1
COPZ1,COPZ1
GAPDH,GAPDH
TPI1,TPI1P2;TPI1P3;TPI1
ENO2,ENO2
COX6A1,COX6A1
RPS12,RPS12
MRPL2,MRPL20;MRPL21;MRPL22;MRPL23;MRPL24;MRPL27;MRPL28
COX7A2,COX7A2L;COX7A2
VEGFA,VEGFA
DAP,DAP3;DAPK2;DAPK3;DAPL1;DAPP1;DAP
BRD8,
NNT,
MRPS30,MRPS30
MRPS27,MRPS27
STC2,
DBN1,DBN1
BCL6,BCL6B;BCL6
COL7A1,COL7A1
MAPKAPK3,MAPKAPK3
ABHD14B,ABHD14B
NKTR,NKTR
DGUOK,DGUOK
ABCB6,
ODC1,ODC1
PLEKHB2,PLEKHB2
DHCR24,DHCR24
RPL22,RPL22L1;RPL22
WDR77,WDR77
ATP5PB,
ARHGEF2,
MAD2L2,MAD2L2
MFN2,MFN2
CTH,CTHRC1;CTH
SDHB,
SSX2IP,SSX2IP
RCOR3,
RPS25,RPS25
MYL12B,MYL12B
TJP2,TJP2
SET,SETBP1;SETD1A;SETD1B;SETD2;SETD3;SETD4;SETD6;SETD7;SETD8;SETDB1;SETDB2;SETMAR;SETX;SET
PHF19,
DLST,DLST
SLIRP,
GOT1,GOT1
MTHFD1L,
EGR1,EGR1
TNFRSF10B,TNFRSF10B
KHDRBS1,KHDRBS1
P4HA1,P4HA1
MED13L,MED13L
DDX39A,
ATP7B,ATP7B
PFDN5,PFDN5
CDK2,CDK20;CDK2AP1;CDK2AP2;CDK2
PLA2G12A,
MXD4,MXD4
FAM210B,
IQSEC2,IQSEC2
SNRPC,SNRPC
NQO2,NQO2
KLHDC3,
SSR1,SSR1
AHNAK,AHNAK2;AHNAK
CNOT1,CNOT10;CNOT1
GOT2,GOT2
SNRPD2,SNRPD2
SNRPB,SNRPB2;SNRPB
PSMB2,PSMB2
COX6B1,COX6B1
BCL2L12,BCL2L12
PRMT1,PRMT10;PRMT1
STAT5A,STAT5A
TRAP1,TRAP1
ELK1,ELK1
TIMM17B,TIMM17B
IDUA,IDUA
ECHS1,ECHS1
AKAP9,
MGAT3,MGAT3
ATF4,ATF4
FLNC,FLNC
MRPS12,MRPS12
ARPP19,ARPP19
SUMF2,SUMF2
NEDD8,NEDD8
ARHGEF6,ARHGEF6
STARD8,STARD8
ELOF1,ELOF1
TOMM40,TOMM40L;TOMM40
NDUFA10,
UBAC1,UBAC1
SESN2,
PNCK,PNCK
DKC1,DKC1
ACSS2,ACSS2
COX4I1,COX4I1
COX7B,COX7B2;COX7B
SLC6A6,SLC6A6
PSME3,PSME3
ACLY,ACLY
DIAPH1,DIAPH1
MAP1B,MAP1B
RHOXF2,
TNS4,TNS4
PDHA1,PDHA1
MCCC2,MCCC2
RAN,RANBP10;RANBP17;RANBP1;RANBP2;RANBP3L;RANBP3;RANBP6;RANBP9;RANGAP1;RANGRF;RAN
PNISR,
H3-3B,
EIF5A,EIF5A2;EIF5AL1;EIF5A
VPS4A,VPS4A
DAP3,DAP3
NES,NES
CA1,CA10;CA11;CA12;CA13;CA14;CA1
CCNB1,CCNB1IP1;CCNB1
NAV1,
RPS15A,RPS15A
YARS1,
DSC2,DSC2
TIMM10,TIMM10
COL4A2,COL4A2
CTSL,
CDK4,CDK4
CD164,CD164L2;CD164
DYNC1LI2,DYNC1LI2
GLUL,
CEP350,CEP350
DNAJB2,DNAJB2
FLNB,FLNB
LCP1,LCP1
TBRG4,TBRG4
CCM2,CCM2
USP20,
HEMGN,HEMGN
PSMB7,PSMB7
RPS6,RPS6KA1;RPS6KA2;RPS6KA3;RPS6KA4;RPS6KA5;RPS6KB1;RPS6KB2;RPS6KC1;RPS6
TMEM14B,TMEM14B
FAM8A1,FAM8A1
SLCO2B1,SLCO2B1
NUSAP1,NUSAP1
ATIC,ATIC
FASTKD1,FASTKD1
CIR1,CIR1
SEC31A,SEC31A
INHBE,
SLC7A1,SLC7A10;SLC7A11;SLC7A13;SLC7A14;SLC7A1
ESYT1,ESYT1
WARS1,
SERF2,SERF2
ARRDC4,ARRDC4
UQCRC2,UQCRC2
SS18,SS18L1;SS18L2;SS18
EIF4A3,EIF4A3
IGFBP4,IGFBP4
RPL11,RPL11
PSMA5,PSMA5
CELSR2,CELSR2
PPOX,PPOX
JTB,JTB
TPM3,TPM3
HAX1,HAX1
ILF2,ILF2
SRP9,SRP9
LBR,LBR
PTPN7,PTPN7
PKP4,PKP4
IQSEC1,IQSEC1
MUC4,MUC4
CCNA2,CCNA2
AIG1,AIG1
VWDE,VWDE
TMEM209,TMEM209
MSN,MSN
RBMX,RBMX2;RBMXL1;RBMXL2
SLC25A37,SLC25A37
EIF3M,
HYOU1,HYOU1
FADS1,
PDCD4,PDCD4
DLAT,DLAT
TWF1,TWF1
UPF2,UPF2
ATP5F1A,
PFKM,PFKM
HHEX,HHEX
UTRN,UTRN
ZNF117,ZNF117
CAST,CAST
SREK1,
ATP5MC3,
ELOC,
ATP5PF,
KLF10,KLF10
MMS19,MMS19
RHOC,RHOC
OXA1L,OXA1L
PPARGC1B,PPARGC1B
UBE2L6,UBE2L6
RAB11FIP1,RAB11FIP1
FCHO2,FCHO2
ZNF618,ZNF618
TNFRSF14,
ALAS2,ALAS2
TAGLN2,TAGLN2
DMTN,
NDUFS2,NDUFS2
EPB41,EPB41L1;EPB41L2;EPB41L3;EPB41L4A;EPB41L4B;EPB41L5;EPB41
ALG8,ALG8
GART,GART
ATP5MC1,
RUNX1,RUNX1T1
PSMB4,PSMB4
BTG2,BTG2
HK2,
CBS,CBS
FDPS,FDPSL2A;FDPS
ORAI2,ORAI2
EIF4A1,EIF4A1
CYB561A3,
PEF1,
MXRA8,MXRA8
FAM102B,
PEX19,PEX19
NOSTRIN,NOSTRIN
CTSS,
ABRAXAS1,
ATP1A1,
SUCLG1,SUCLG1
CCNL1,CCNL1
MELTF,
ERMAP,ERMAP
CDC25A,CDC25A
BSN,BSN
ERAP1,ERAP1
UQCRQ,UQCRQ
TRA2A,
RPS14,RPS14
CTSB,CTSB
DNAAF5,
SLC25A32,SLC25A32
TP53INP1,TP53INP1
PSIP1,PSIP1
AQP3,
INTS6L,
GHITM,
GFI1B,
NOLC1,NOLC1
TRIM66,TRIM66
MCM7,MCM7
B2M,
PPIB,PPIB
MRPL16,
EPB42,EPB42
MAP1A,MAP1A
PHB,PHB
SLC27A4,SLC27A4
ATP5MG,
RRM1,RRM1
TPM4,TPM4
YIF1B,YIF1B
NDUFV1,
TRANK1,
RPSA,RPSAP52
LTBP3,LTBP3
CCDC88B,
DDIT4,DDIT4L;DDIT4
TNXB,TNXB
STAT3,STAT3
NDUFS5,NDUFS5
DDX19A,DDX19A
USP39,USP39
ATP5ME,
UQCRFS1,
NSMCE1,NSMCE1
PRELID1,PRELID1
SF3B5,SF3B5
CHD3,
GYPA,GYPA
GLB1,GLB1L3;GLB1L;GLB1
FAXDC2,
TMED10,TMED10P1
PA2G4,PA2G4P4;PA2G4
SMAGP,
PAQR8,PAQR8
PGAM1,PGAM1
ATF7IP,ATF7IP2;ATF7IP
RASGRP4,RASGRP4
CYCS,CYCS
GTPBP2,GTPBP2
EGFL7,EGFL7
DHCR7,DHCR7
MYEOV,MYEOV2;MYEOV
OXSR1,OXSR1
CKS1B,CKS1B
SLC2A14,SLC2A14
MICOS10,
EHBP1L1,
PPP1R14B,PPP1R14B
NABP1,
CHD2,CHD2
UQCRH,UQCRHL;UQCRH
STAT5B,STAT5B
NET1,NET1
SPTBN2,SPTBN2
ATP5MD,
RPL4,RPL4
RESF1,
FUT1,FUT10;FUT11;FUT1
MARCKSL1,MARCKSL1
GOLGA8A,GOLGA8A
COX8A,COX8A
RHOG,RHOG
COX5A,COX5A
TAF7,TAF7L;TAF7
TUFM,TUFM
EIF3K,EIF3K
CYC1,CYC1
SETD2,SETD2
SLX1B,
ATG9B,ATG9B
SHMT2,SHMT2
ANXA2,ANXA2P1;ANXA2P2;ANXA2
RPL35A,RPL35A
SF3A3,SF3A3
KMT5A,
ACTG1,ACTG1
PROS1,PROS1
SOCS3,SOCS3
APOBR,
CIB1,CIB1
TCEAL9,
PRAME,PRAMEF12;PRAMEF1;PRAMEF22;PRAME
PCYT2,PCYT2
BCAP31,BCAP31
IFITM1,IFITM1
NBPF6,NBPF6
INSIG1,
HEXIM1,HEXIM1
RHD,RHD
PLCD1,PLCD1
RGPD1,RGPD1
EIF4EBP1,EIF4EBP1
C17orf99,
HEPACAM2,HEPACAM2
RHCE,RHCE
UROS,UROS
NDUFA4,NDUFA4
RELN,RELN
SLC35E2B,
STK40,STK40
PPIA,PPIAL4C;PPIAL4D;PPIAL4G;PPIA
LONP1,LONP1
PIK3R4,PIK3R4
MAN2A2,MAN2A2
DAPK1,
FLNA,FLNA
LRRC8B,
MRPL21,MRPL21
STMN3,
CDC42SE1,CDC42SE1
RPS26,
KEL,
MYL4,
OGA,
CTNND1,CTNND1
OPA1,
COL11A2,COL11A2
SDHD,SDHD
HSPA1A,HSPA1A
LSM2,LSM2
AIF1,AIF1L
MRPS18B,MRPS18B
LGR4,LGR4
IPO7,
EIF3CL,EIF3CL
C5orf51,
GSTM2,GSTM2P1;GSTM2
ERV3-1,
TMX2,TMX2
CLIC1,CLIC1
TTLL3,TTLL3
TOMM6,TOMM6
PHB2,
FADS3,FADS3
CCNL2,CCNL2
UBA52,
NSUN5P1,
HSPA7,
GTF2H2B,GTF2H2B
DANCR,
RPL41,
CRPPA-AS1,
GTF2IP4,
PPP1R3E,PPP1R3E
OLMALINC,
NME1,NME1-NME2;NME1
RPL36A,RPL36AL;RPL36A
ATP5PO,
EIF6,EIF6
ACY1,ACY1
ETV5,ETV5
FCGR2C,
GABPB1-AS1,
GYPB,
CHCHD10,CHCHD10
SELENOP,
RTEL1,RTEL1
GTF2I,GTF2IRD1;GTF2IRD2B;GTF2IRD2P1;GTF2IRD2;GTF2I
UBBP4,
LINC02864,
KCNQ1OT1,KCNQ1OT1
RPS10-NUDT3,
LINC02772,
ZNF595,ZNF595
GTF2IP1,
PSMB3,PSMB3
DHRS11,DHRS11
TFPI,TFPI2;TFPI
NDUFAB1,NDUFAB1
CIAPIN1,CIAPIN1
CREBBP,CREBBP
IBTK,
PAF1,PAF1
SCIN,
MYLIP,MYLIP
PSMB1,PSMB10;PSMB1
NCAPD2,NCAPD2
PTBP1,PTBP1
LARS2,LARS2
QPCTL,QPCTL
UBR7,UBR7
RNF14,RNF141;RNF144A;RNF144B;RNF145;RNF146;RNF149
MDH1,MDH1
TTC27,
RNH1,
GLRX2,GLRX2
EHD2,EHD2
FAM13B,FAM13B
APBA2,APBA2
TMSB10,TMSB10
DEPDC1B,DEPDC1B
NSMAF,NSMAF
RPL26L1,RPL26L1
HSPA5,HSPA5
XK,XKR4;XKR5;XKR6;XKR7;XKR8;XKRX;XK
RSF1,RSF1
VPS13D,VPS13D
COL9A2,
CLPTM1L,CLPTM1L
ZNF280C,
ATG5,ATG5
UNKL,UNKL
CCAR1,CCAR1
OGFR,OGFRL1;OGFR
HIPK2,HIPK2
TMEM161A,TMEM161A
YBX1,YBX1
FECH,
IDI1,IDI1
TNFRSF1A,TNFRSF1A
RRP15,RRP15
COASY,COASY
RAB27A,RAB27A
DAPP1,DAPP1
ASNS,ASNSD1;ASNS
TCOF1,TCOF1
AFF4,AFF4
HMMR,HMMR
NLE1,NLE1
TEAD2,TEAD2
ACTR6,
NUP37,NUP37
MCM6,MCM6
ITCH,ITCH
DNM2,DNM2
STX7,STX7
TCF7,TCF7L1;TCF7L2;TCF7
PTPRC,PTPRCAP
MAPRE3,MAPRE3
PREP,PREPL;PREP
RAD54L,RAD54L2;RAD54L
ZW10,ZW10
PIGS,
GCN1,
FH,FHAD1;FHDC1;FHIT;FHL1;FHL2;FHL5;FHOD3;FH
TF,TFAP2A;TFAP2C;TFAP2E;TFAP4;TFB2M;TFCP2L1;TFDP1;TFDP2;TFE3;TFEB;TFEC;TFF1;TFF3;TFG;TFPI2;TFPI;TFPT;TFR2;TFRC;TF
NLRP1,NLRP10;NLRP11;NLRP12;NLRP13;NLRP14;NLRP1
SLC7A8,SLC7A8
XYLB,XYLB
SUCO,
WHRN,
BRPF3,
ITPR3,ITPR3
HNRNPH3,HNRNPH3
ACOT7,ACOT7
ARVCF,
RANBP1,RANBP10;RANBP17;RANBP1
THOC5,THOC5
APOL4,APOL4
PRMT5,PRMT5
PSMA3,PSMA3
HIF1A,HIF1AN
SUSD6,
PCK2,PCK2
PNN,
GSS,GSS
PSMA7,PSMA7
ARFRP1,ARFRP1
SEC23B,SEC23B
KIF3B,KIF3B
SNTA1,SNTA1
AHCY,AHCYL1;AHCY
POLA1,POLA1
KCND1,KCND1
TAZ,TAZ
TIMP1,TIMP1
ARMCX3,ARMCX3
SLC7A6,SLC7A6OS;SLC7A6
LAPTM4B,LAPTM4B
BNIP3L,BNIP3L
PIH1D1,PIH1D1
C19orf53,C19orf53
RPS16,
GPI,GPIHBP1;GPI
RPS19,RPS19BP1
PPP2R1A,PPP2R1A
ZC3HAV1,ZC3HAV1
CPED1,
GRB10,GRB10
GARS1,
CYP3A5,CYP3A5
RPA3,RPA3
EZH2,EZH2
CEP41,
EIF4H,EIF4H
NPM3,NPM3
GBF1,GBF1
PSMD3,PSMD3
NUP88,NUP88
EZH1,EZH1
LRRC59,LRRC59
DHX15,DHX15
FOXRED1,FOXRED1
COMMD9,
ACCS,ACCS
SELPLG,SELPLG
KRT18,KRT18
CDKN1B,
CDK2AP1,CDK2AP1
GTF2H3,
CHD4,CHD4
ASF1A,
FANCE,FANCE
PHACTR1,PHACTR1
HSPA9,HSPA9
SPARC,SPARCL1
RAD50,
NUP155,NUP155
C5orf15,C5orf15
SMAD5,SMAD5OS;SMAD5
FAM162A,FAM162A
PDCD10,PDCD10
HES1,
ACAP2,ACAP2
GNB4,
EEF1B2,EEF1B2
PCGF1,PCGF1
FARSB,FARSB
SRSF4,
LEPR,LEPRE1;LEPREL1;LEPREL2;LEPROT;LEPR
RO60,
UCHL5,UCHL5
PLEKHM2,PLEKHM2
CRYZ,CRYZL1;CRYZ
KIF21B,
RIMS3,RIMS3
GALE,GALE
CDC20,CDC20B;CDC20
SLC19A2,SLC19A2
MTFR1L,
RPS6KA1,RPS6KA1
FBXO30,FBXO30
CPSF3,CPSF3L;CPSF3
RAD23B,RAD23B
PTPA,
PPP6C,PPP6C
YLPM1,YLPM1
RBM25,RBM25
YPEL5,YPEL5
HOXB8,HOXB8
NUDCD1,NUDCD1
EXOSC8,EXOSC8
MRPS2,MRPS21;MRPS22;MRPS23;MRPS24;MRPS25;MRPS26;MRPS27;MRPS28;MRPS2
ZNF644,ZNF644
TRIR,
OPTN,OPTN
NCKAP1L,
NFE2,NFE2L1;NFE2L2;NFE2L3;NFE2
NDUFAF4,NDUFAF4
NMI,NMI
MAD2L1BP,MAD2L1BP
DNAH8,DNAH8
MT2A,MT2A
C3,C3orf14;C3orf15;C3orf16;C3orf17;C3orf18;C3orf19;C3orf1;C3orf21;C3orf23;C3orf26;C3orf30;C3orf31;C3orf32;C3orf33;C3orf34;C3orf36;C3orf38;C3orf42;C3orf45;C3orf47;C3orf49;C3orf50;C3orf52;C3orf54;C3orf55;C3orf57;C3orf58;C3orf59;C3orf63;C3orf64;C3orf65;C3orf66;C3orf67;C3orf70;C3orf71;C3orf72;C3orf74;C3orf75;C3
RBCK1,RBCK1
RRBP1,RRBP1
CEP250,CEP250
PDCD2L,PDCD2L
ASL,ASL
ZBTB1,ZBTB10;ZBTB12;ZBTB16;ZBTB17;ZBTB1
UQCR11,UQCR11
PNKD,PNKD
PTPN12,
MTX2,MTX2
TMOD2,TMOD2
VPS13C,VPS13C
MBD4,MBD4
DCTD,
ATP1B2,ATP1B2
FXR2,
RAB2B,RAB2B
RNASE1,RNASE10;RNASE11;RNASE12;RNASE13;RNASE1
TNNI3,TNNI3K;TNNI3
APOE,APOE
XPO7,XPO7
RTN4IP1,RTN4IP1
IQCN,
JUND,JUND
H19,
RPL27,RPL27A;RPL27
VPS25,VPS25
ACAP3,ACAP3
SNRPA1,SNRPA1
DNAJB1,DNAJB11;DNAJB14
CC2D1A,CC2D1A
HSD17B7,HSD17B7P2;HSD17B7
IMMT,IMMT
MRPL35,MRPL35
UBE2G1,UBE2G1
ERAL1,ERAL1
AP3B1,
BTBD2,
MYO18B,MYO18B
ZFC3H1,ZFC3H1
BHLHE40,BHLHE40
SLC38A2,SLC38A2
CMPK2,CMPK2
PSAT1,PSAT1
AHI1,AHI1
CCT7,CCT7
DHX9,DHX9
EPC2,EPC2
BZW2,BZW2
DDX56,DDX56
MARCHF7,
IMP4,IMP4
TXN,TXN2;TXNDC11;TXNDC12;TXNDC15;TXNDC17;TXNDC2;TXNDC3;TXNDC6;TXNDC9;TXNIP;TXNL1;TXNL4A;TXNL4B;TXNRD2;TXNRD3IT1;TXN
TMOD1,TMOD1
DPM2,DPM2
KIF13A,KIF13A
YIPF3,YIPF3
PGBD1,PGBD1
ADAM10,ADAM10
PREB,PREB
KIF20B,KIF20B
ASCC1,ASCC1
RPS24,RPS24
PPIG,
ITGAV,
BMP2K,BMP2K
SEPTIN11,
PPA2,PPA2
GSTCD,GSTCD
MAPK8IP3,MAPK8IP3
NDUFA9,NDUFA9
ESD,ESD
NIPA2,NIPA2
SORD,SORD
SLC27A2,SLC27A2
FANCI,FANCI
FURIN,
UTP4,
NARF,NARFL;NARF
SLC39A3,SLC39A3
SAE1,SAE1
RCN3,RCN3
RPS8,RPS8
CD53,CD53
POGK,POGK
DCAF6,DCAF6
FCGR2A,FCGR2A
ISG20L2,ISG20L2
XPR1,XPR1
PRUNE1,
ECM1,ECM1
TARS2,TARS2
MCL1,MCL1
DYRK3,DYRK3
PKLR,PKLR
PPFIA4,PPFIA4
GALM,
GOLGA4,GOLGA4
ENOPH1,ENOPH1
TBC1D7,TBC1D7
TRIM41,TRIM41
TNFRSF21,TNFRSF21
NONO,NONO
IL2RG,IL2RG
PRPS1,PRPS1L1;PRPS1
MFHAS1,
STAR,STARD10;STARD13;STARD3;STARD7;STARD8;STAR
PLPBP,
HAUS6,
GSN,GSN
ALAD,ALAD
SURF4,SURF4
GBGT1,GBGT1
PTGES2,PTGES2
SSRP1,SSRP1
MS4A3,
EI24,EI24
NUDT22,NUDT22
PPP4C,PPP4C
CCT5,CCT5
SACS,SACS
RABGAP1L,RABGAP1L
HNRNPDL,
ANAPC1,ANAPC10;ANAPC11;ANAPC16;ANAPC1
CETN3,
CEBPG,
CHD1,CHD1L
TOMM70,
OBSCN,OBSCN
BUB3,BUB3
CCDC173,
MRPL39,
CXXC1,
AZIN1,AZIN1
SAMSN1,SAMSN1
NUP205,NUP205
ADK,
PTDSS1,PTDSS1
EEF1A1,EEF1A1P9;EEF1A1
DHRS4,DHRS4L1;DHRS4L2
ST3GAL2,ST3GAL2
TMEM268,
SLC45A3,
B4GALT3,B4GALT3
CDC42SE2,CDC42SE2
IGF2BP1,IGF2BP1
PSMD4,PSMD4
AMFR,
DFFA,DFFA
CSTB,CSTB
GAB3,GAB3
ZER1,ZER1
TAOK1,TAOK1
LMNA,
SRSF2,
SENP3,SENP3
FGF11,FGF11
SNRNP25,SNRNP25
TAL1,TAL1
LAPTM5,LAPTM5
TYW3,TYW3
LRATD1,
KRTCAP2,KRTCAP2
RPL9,RPL9
MTMR14,MTMR14
ELP6,
RNF168,RNF168
APEH,APEH
RICTOR,RICTOR
TENT2,
SHROOM1,
COX6C,COX6C
INTS8,INTS8
HNRNPK,HNRNPK
VCP,VCPIP1;VCP
PCF11,PCF11
ATP5F1C,
LARGE2,
TTC7B,TTC7B
PSMC3,PSMC3IP;PSMC3
TAF1D,TAF1D
GPT2,GPT2
TPP1,
IDH3A,IDH3A
NDEL1,NDEL1
SAAL1,SAAL1
NEMP1,
YWHAB,YWHAB
MARS1,
URM1,URM1
OR51B5,OR51B5
TMEM145,TMEM145
KLK1,KLK10;KLK11;KLK12;KLK13;KLK14;KLK1
CDK2AP2,CDK2AP2
DDB1,DDB1
POLR2G,POLR2G
SF1,SF1
NKIRAS2,NKIRAS2
DNAJC7,DNAJC7
NT5DC2,NT5DC2
PDHB,
RNF181,RNF181
MAT2A,
INPP5D,INPP5D
XPO6,XPO6
ZEB2,ZEB2
DCXR,DCXR
HNRNPF,HNRNPF
TRIM56,TRIM56
YWHAG,
UBB,UBB
LONRF2,
SERPINB9,SERPINB9
STAT2,
NDUFA3,NDUFA3
CLSTN1,
RPS21,
PPIH,PPIH
ZNF131,ZNF131
HECTD4,
NAA20,NAA20
MOB1B,
NUDT4,NUDT4
TOMM20,TOMM20L
FBXO45,FBXO45
GNG5,GNG5
CTSF,CTSF
EXO1,EXO1
NDUFA11,NDUFA11
MRPS22,MRPS22
DDIT3,
KCNE3,KCNE3
ETV4,
SLC35A4,
DIRAS1,DIRAS1
LMNB2,LMNB2
LRRC37A,LRRC37A2;LRRC37A3;LRRC37A4;LRRC37A
WSB2,WSB2
TYMS,TYMS
FAM210A,
BET1L,BET1L
NDUFV2,NDUFV2
PLEC,PLEC
EPM2AIP1,EPM2AIP1
PTPN11,PTPN11
VWA1,VWA1
DNHD1,DNHD1
ZFPM1,ZFPM1
DCTPP1,DCTPP1
MCFD2,MCFD2
SRP9P1,
D2HGDH,
GPR3,GPR31;GPR34;GPR35;GPR37L1;GPR37;GPR39;GPR3
NOP10,NOP10
MRPL41,MRPL41
CREB3L2,CREB3L2
UBA7,
TEX19,TEX19
C1orf116,C1orf116
C16orf72,C16orf72
COL18A1,COL18A1
SRPRA,
CNOT10,CNOT10
PYCR1,PYCR1
PTTG1IP,PTTG1IP
BCOR,BCORL1;BCOR
TENT5C,
ALYREF,
MACC1,
PRKX,PRKX
SMTN,SMTNL1;SMTNL2;SMTN
PTP4A2,PTP4A2
NDUFA12,NDUFA12
OSBP2,OSBP2
NDUFA6,NDUFA6
ANO9,ANO9
FAF1,FAF1
INPP5J,
MRPL30,
METTL7A,METTL7A
L3MBTL1,
PSMD13,PSMD13
EVI2B,
AIDA,
RPS23,RPS23
ESPN,ESPNL;ESPNP;ESPN
NAP1L1,NAP1L1
MT1X,MT1X
TET3,TET3
SPRY4,SPRY4
TUBB4B,
ZP3,ZP3
GAGE2A,GAGE2A
RPS2P46,
FAM217B,
SUPT5H,SUPT5H
XRCC6,XRCC6BP1;XRCC6
HDAC2,HDAC2
TRAPPC4,TRAPPC4
ANKRD36B,ANKRD36BP1;ANKRD36B
ACSL5,ACSL5
ABCB8,ABCB8
TRIM33,TRIM33
GSTK1,GSTK1
RPF2,
MIB2,
SSPO,
TFDP1,TFDP1
ZKSCAN8,
BAZ1A,BAZ1A
RCSD1,RCSD1
MTOR,MTOR
SMC5,SMC5
TOP1,TOP1MT;TOP1P1;TOP1P2;TOP1
L1CAM,L1CAM
SNHG5,SNHG5
RNF5,RNF5P1;RNF5
MRPL38,MRPL38
SNHG32,
MSH5,
ABHD16A,
NFKBIL1,NFKBIL1
DHX16,DHX16
PPP1R10,PPP1R10
TRIM27,TRIM27
STAG3L1,STAG3L1
GAGE1,GAGE12D;GAGE12J;GAGE1
TSN,TSNAX;TSN
MAGEA12,MAGEA12
ARL2,ARL2BP;ARL2
RPLP0P6,
LEPROT,LEPROT
LBH,LBH
MYCBP,MYCBP2;MYCBP
SMIM30,
HNRNPUL2,
FNIP1,
NUTM2A-AS1,
TSSC2,
ARL17B,ARL17B
HBBP1,HBBP1
GOLGA6L5P,
MCTS1,MCTS1
SNHG15,
GAS5,GAS5
H3P6,
PSMB9,PSMB9
AQP1,AQP12B;AQP1
ATP5MF,
SSX2,SSX2IP;SSX2
ARPC4,ARPC4
MTFP1,
SNHG3,SNHG3-RCC1;SNHG3
MICAL3,MICAL3
MRPS31P5,
TMEM158,TMEM158
YJEFN3,YJEFN3
MPV17L2,MPV17L2
ATP6V1G2-DDX39B,
CSPG4P12,
LINC00662,
CORO7,CORO7
TIMM23,
LINC01029,
BAHCC1,BAHCC1
NBPF8,
GAGE2E,
ARHGAP23,ARHGAP23
U2AF1L5,
RN7SL1,
H2BC7,
MRPL45,MRPL45
OR51B2,
FAM138F,FAM138F
